{
	"class_name" : "PinholeCameraParameters",
	"extrinsic" : 
	[
		0.96549196474030063,
		-0.21105914019181149,
		0.15257557263011462,
		0.0,
		-0.0048204300744181658,
		-0.60023606148427777,
		-0.79980837326683452,
		0.0,
		0.26038822837411785,
		0.77147307784221208,
		-0.58054049013729669,
		0.0,
		0.52077645674823558,
		1.5429461556844239,
		6.4389353708840185,
		1.0
	],
	"intrinsic" : 
	{
		"height" : 1388,
		"intrinsic_matrix" : 
		[
			1202.043260452801,
			0.0,
			0.0,
			0.0,
			1202.043260452801,
			0.0,
			843.5,
			693.5,
			1.0
		],
		"width" : 1688
	},
	"version_major" : 1,
	"version_minor" : 0
}